{
  "trampoline_commit": "46d7cedea2a34b0954fb83827d3217695bdca5ee",
  "total_trials": 54,
  "total_cost_usd": 3.801238699999999,
  "duration_sec": 1322.802498102188
}