{
  "trampoline_commit": "371d4e8896e737d1e1268431ac93a2aed1770d06",
  "total_trials": 54,
  "total_cost_usd": 1.250817830000001,
  "duration_sec": 595.7668716907501
}