{
  "trampoline_commit": "224c1b540ee25d1685277e2eabd501d0d0677854",
  "total_trials": 54,
  "total_cost_usd": 2.76474205,
  "duration_sec": 1129.9279880523682
}