{
  "trampoline_commit": "7311ffe0203e4806f99890bd4a3de1ea725fc811",
  "total_trials": 72,
  "total_cost_usd": 2.160915420000001,
  "duration_sec": 1442.197245836258
}