{
  "trampoline_commit": "46d7cedea2a34b0954fb83827d3217695bdca5ee",
  "total_trials": 18,
  "total_cost_usd": 0.45257245999999995,
  "duration_sec": 220.46157908439636
}