{
  "trampoline_commit": "9b5b0600f87c8da6ff1d34896c5faf7e2802c2bd",
  "total_trials": 72,
  "total_cost_usd": 2.4238399800000017,
  "duration_sec": 1271.1202528476715
}