{
  "summary": {
    "cost_ratio": {
      "bug_fix": {
        "B2": Infinity,
        "C2": 95.00130855796912,
        "D2": 12.464436377906404
      },
      "endpoint_crud": {
        "B2": Infinity,
        "C2": 59.314578169503505,
        "D2": 11.162098005715237
      },
      "lint_fix_adversarial": {
        "B2": Infinity,
        "C2": 132.7702873302025,
        "D2": 13.822153296183366
      }
    },
    "wallclock": {
      "bug_fix": {
        "A": {
          "mean": 5.562408844629924,
          "p90": 5.288978815078735
        },
        "B1": {
          "mean": 51.43933884302775,
          "p90": 50.84817576408386
        },
        "B2": {
          "mean": 51.287667989730835,
          "p90": 51.44225001335144
        },
        "C1": {
          "mean": 3.3032729625701904,
          "p90": 3.264793872833252
        },
        "C2": {
          "mean": 3.317732095718384,
          "p90": 3.2631101608276367
        },
        "D2": {
          "mean": 8.523955345153809,
          "p90": 9.001469135284424
        }
      },
      "endpoint_crud": {
        "A": {
          "mean": 16.135289986928303,
          "p90": 16.935264825820923
        },
        "B1": {
          "mean": 600.2937141259512,
          "p90": 600.2926027774811
        },
        "B2": {
          "mean": 600.2953216234843,
          "p90": 600.2944660186768
        },
        "C1": {
          "mean": 5.267782688140869,
          "p90": 5.348766088485718
        },
        "C2": {
          "mean": 12.342481931050619,
          "p90": 10.745259046554565
        },
        "D2": {
          "mean": 31.972633361816406,
          "p90": 32.473257064819336
        }
      },
      "lint_fix_adversarial": {
        "A": {
          "mean": 8.077284971872965,
          "p90": 8.06822395324707
        },
        "B1": {
          "mean": 97.54713153839111,
          "p90": 93.79605293273926
        },
        "B2": {
          "mean": 94.40677467981975,
          "p90": 94.31758689880371
        },
        "C1": {
          "mean": 3.9116450945536294,
          "p90": 3.8231911659240723
        },
        "C2": {
          "mean": 3.709829330444336,
          "p90": 3.7336528301239014
        },
        "D2": {
          "mean": 11.714725017547607,
          "p90": 13.061902046203613
        }
      }
    },
    "ablation": {
      "bug_fix": {
        "B1->B2": 0.0,
        "C1->C2": 0.0
      },
      "endpoint_crud": {
        "B1->B2": 0.0,
        "C1->C2": 1.0
      },
      "lint_fix_adversarial": {
        "B1->B2": 0.0,
        "C1->C2": 0.0
      }
    },
    "silent_rates": {
      "bug_fix": {
        "A": 0.0,
        "B2": 0.0,
        "C2": 0.0,
        "D2": 0.0
      },
      "endpoint_crud": {
        "A": 0.0,
        "B2": 1.0,
        "C2": 0.0,
        "D2": 0.0
      },
      "lint_fix_adversarial": {
        "A": 0.0,
        "B2": 0.0,
        "C2": 0.0,
        "D2": 0.0
      }
    }
  },
  "n_trials": 54
}