{
  "summary": {
    "cost_ratio": {
      "lint_fix_adversarial": {
        "B2": Infinity,
        "C2": 132.7702873302025,
        "D2": 13.822153296183366
      }
    },
    "wallclock": {
      "lint_fix_adversarial": {
        "A": {
          "mean": 8.077284971872965,
          "p90": 8.06822395324707
        },
        "B1": {
          "mean": 97.54713153839111,
          "p90": 93.79605293273926
        },
        "B2": {
          "mean": 94.40677467981975,
          "p90": 94.31758689880371
        },
        "C1": {
          "mean": 3.9116450945536294,
          "p90": 3.8231911659240723
        },
        "C2": {
          "mean": 3.709829330444336,
          "p90": 3.7336528301239014
        },
        "D2": {
          "mean": 11.714725017547607,
          "p90": 13.061902046203613
        }
      }
    },
    "ablation": {
      "lint_fix_adversarial": {
        "B1->B2": 0.0,
        "C1->C2": 0.0
      }
    },
    "silent_rates": {
      "lint_fix_adversarial": {
        "A": 0.0,
        "B2": 0.0,
        "C2": 0.0,
        "D2": 0.0
      }
    }
  },
  "n_trials": 18
}