{
  "summary": {
    "cost_ratio": {
      "bug_fix": {
        "B2": Infinity,
        "C2": 95.00130855796912,
        "D2": 12.464436377906404
      }
    },
    "wallclock": {
      "bug_fix": {
        "A": {
          "mean": 5.562408844629924,
          "p90": 5.288978815078735
        },
        "B1": {
          "mean": 51.43933884302775,
          "p90": 50.84817576408386
        },
        "B2": {
          "mean": 51.287667989730835,
          "p90": 51.44225001335144
        },
        "C1": {
          "mean": 3.3032729625701904,
          "p90": 3.264793872833252
        },
        "C2": {
          "mean": 3.317732095718384,
          "p90": 3.2631101608276367
        },
        "D2": {
          "mean": 8.523955345153809,
          "p90": 9.001469135284424
        }
      }
    },
    "ablation": {
      "bug_fix": {
        "B1->B2": 0.0,
        "C1->C2": 0.0
      }
    },
    "silent_rates": {
      "bug_fix": {
        "A": 0.0,
        "B2": 0.0,
        "C2": 0.0,
        "D2": 0.0
      }
    }
  },
  "n_trials": 18
}