{
  "cost_ratio": {
    "lint_fix_adversarial": {
      "B2": 0.0,
      "C2": 0.0,
      "D2": 0.0
    }
  },
  "wallclock": {
    "lint_fix_adversarial": {
      "A": {
        "mean": 12.05444105466207,
        "p90": 12.120168924331665
      },
      "B1": {
        "mean": 80.87772830327351,
        "p90": 77.91550779342651
      },
      "B2": {
        "mean": 190.8003570238749,
        "p90": 0.0
      },
      "C1": {
        "mean": 3.6833985646565757,
        "p90": 3.6757078170776367
      },
      "C2": {
        "mean": 35.66050100326538,
        "p90": 18.66547918319702
      },
      "D2": {
        "mean": 89.42866158485413,
        "p90": 75.77308201789856
      }
    }
  },
  "ablation": {
    "lint_fix_adversarial": {
      "B1->B2": 0.0,
      "C1->C2": 0.0
    }
  },
  "silent_rates": {
    "lint_fix_adversarial": {
      "A": 0.3333333333333333,
      "B2": 0.3333333333333333,
      "C2": 1.0,
      "D2": 1.0
    }
  }
}