{
  "summary": {
    "cost_ratio": {
      "endpoint_crud": {
        "B2": Infinity,
        "C2": 59.314578169503505,
        "D2": 11.162098005715237
      }
    },
    "wallclock": {
      "endpoint_crud": {
        "A": {
          "mean": 16.135289986928303,
          "p90": 16.935264825820923
        },
        "B1": {
          "mean": 600.2937141259512,
          "p90": 600.2926027774811
        },
        "B2": {
          "mean": 600.2953216234843,
          "p90": 600.2944660186768
        },
        "C1": {
          "mean": 5.267782688140869,
          "p90": 5.348766088485718
        },
        "C2": {
          "mean": 12.342481931050619,
          "p90": 10.745259046554565
        },
        "D2": {
          "mean": 31.972633361816406,
          "p90": 32.473257064819336
        }
      }
    },
    "ablation": {
      "endpoint_crud": {
        "B1->B2": 0.0,
        "C1->C2": 1.0
      }
    },
    "silent_rates": {
      "endpoint_crud": {
        "A": 0.0,
        "B2": 1.0,
        "C2": 0.0,
        "D2": 0.0
      }
    }
  },
  "n_trials": 18
}